nid,access,base_speed,bridge,from,highway,junction,key,landuse,lanes,length,maxspeed,name,oneway,osmid,ref,service,to,weigth,tunnel,width,geometry
49087097,,25,,49087097,residential,,0,,,79.98100000000001,25 mph,Preece Court,False,5959660,,,49087096,3.19924,,,"LINESTRING (-117.174637 32.795853, -117.175491 32.795898)"
49087096,,25,,49087096,residential,,0,,,79.98100000000001,25 mph,Preece Court,False,5959660,,,49087097,3.19924,,,"LINESTRING (-117.174637 32.795853, -117.175491 32.795898)"
49087096,,25,,49087096,residential,,0,,,77.305,25 mph,Comstock Street,False,256799883,,,49107094,3.0922,,,"LINESTRING (-117.1754 32.796589, -117.175491 32.795898)"
49087096,,25,,49087096,residential,,0,,,75.844,25 mph,Comstock Street,False,256799883,,,49068309,3.03376,,,"LINESTRING (-117.175568 32.795219, -117.175491 32.795898)"
49087096,,25,,49087096,residential,,0,,,174.922,25 mph,Preece Street,False,6035334,,,49350983,6.99688,,,"LINESTRING (-117.177063 32.795254, -117.176933 32.795441, -117.176689 32.795647, -117.176529 32.795738, -117.176323 32.795826, -117.17601 32.795895, -117.175797 32.79591, -117.175491 32.795898)"
49068309,,25,,49068309,residential,,0,,,75.844,25 mph,Comstock Street,False,256799883,,,49087096,3.03376,,,"LINESTRING (-117.175568 32.795219, -117.175491 32.795898)"
49068309,,25,,49068309,residential,,0,,,85.723,25 mph,Comstock Street,False,256799883,,,49107093,3.4289199999999997,,,"LINESTRING (-117.175568 32.795219, -117.175613 32.794449)"
49068309,,25,,49068309,residential,,0,,,177.34400000000002,25 mph,Orr Street,False,5957843,,,49068313,7.0937600000000005,,,"LINESTRING (-117.173683 32.795307, -117.174232 32.795223, -117.174622 32.795189, -117.174843 32.795185, -117.175568 32.795219)"
49068309,,25,,49068309,residential,,0,,,393.745,25 mph,Nye Street,False,5959086,,,49081036,15.7498,,,"LINESTRING (-117.176323 32.792168, -117.176376 32.79266, -117.176422 32.793545, -117.176407 32.794392, -117.176399 32.794777, -117.176353 32.794922, -117.176308 32.794994, -117.17614 32.795132, -117.175957 32.795204, -117.175812 32.795231, -117.175568 32.795219)"
49068313,,25,,49068313,residential,,0,,,315.367,25 mph,Ulric Street,False,256799882,,,49107100,12.61468,,,"LINESTRING (-117.173683 32.795307, -117.173752 32.795685, -117.173767 32.795864, -117.173806 32.796051, -117.173813 32.796082, -117.173833 32.79675, -117.173843 32.797287, -117.173866 32.797421, -117.17395 32.797573, -117.174088 32.797707, -117.174294 32.797802, -117.174492 32.797836)"
49068313,,25,,49068313,residential,,0,,,306.278,25 mph,Ulric Street,False,256799882,,,49107390,12.25112,,,"LINESTRING (-117.173683 32.795307, -117.1734013 32.7943485, -117.1729482 32.7928071, -117.172897 32.792633)"
49068313,,25,,49068313,residential,,0,,,177.34400000000002,25 mph,Orr Street,False,5957843,,,49068309,7.0937600000000005,,,"LINESTRING (-117.173683 32.795307, -117.174232 32.795223, -117.174622 32.795189, -117.174843 32.795185, -117.175568 32.795219)"
49107390,,25,,49107390,tertiary,,0,,,250.726,25 mph,Osler Street,False,256531596,,,49107090,10.02904,,,"LINESTRING (-117.172897 32.792633, -117.1732589 32.7925633, -117.1741202 32.7923976, -117.174461 32.792332, -117.175072 32.792248, -117.1755298 32.7922239)"
49107390,,25,,49107390,tertiary,,0,,,88.01299999999999,25 mph,Ulric Street,False,202907440,,,49569122,3.52052,,,"LINESTRING (-117.172684 32.791862, -117.1726946 32.7919005, -117.172897 32.792633)"
49107390,,25,,49107390,tertiary,,0,,,279.563,25 mph,Osler Street,False,256531596,,,49065139,11.18252,,,"LINESTRING (-117.1703352 32.793746, -117.1704273 32.7936518, -117.170667 32.7933958, -117.1709514 32.7931658, -117.1710151 32.7931275, -117.1711391 32.7930531, -117.1713215 32.7929719, -117.171631 32.792896, -117.1720209 32.7928151, -117.1720668 32.7928056, -117.1723264 32.7927518, -117.172412 32.792734, -117.172897 32.792633)"
49107390,,25,,49107390,residential,,0,,,306.278,25 mph,Ulric Street,False,256799882,,,49068313,12.25112,,,"LINESTRING (-117.173683 32.795307, -117.1734013 32.7943485, -117.1729482 32.7928071, -117.172897 32.792633)"
49065139,,45,,49065139,secondary,,0,,"['4', '2']",462.89099999999996,45 mph,Genesee Avenue,False,"[337740478, 337740470, 337739686]",,,673059014,10.28646667,,,"LINESTRING (-117.1703352 32.793746, -117.1704227 32.7938175, -117.1705446 32.7939171, -117.170772 32.794147, -117.1710714 32.7945677, -117.1712702 32.7949491, -117.1713988 32.7953482, -117.1715321 32.7964176, -117.1716186 32.7970742, -117.1716257 32.797145, -117.1716631 32.7974025, -117.1716771 32.7974792, -117.171682 32.7976335)"
49065139,,25,,49065139,tertiary,,0,,,279.563,25 mph,Osler Street,False,256531596,,,49107390,11.18252,,,"LINESTRING (-117.1703352 32.793746, -117.1704273 32.7936518, -117.170667 32.7933958, -117.1709514 32.7931658, -117.1710151 32.7931275, -117.1711391 32.7930531, -117.1713215 32.7929719, -117.171631 32.792896, -117.1720209 32.7928151, -117.1720668 32.7928056, -117.1723264 32.7927518, -117.172412 32.792734, -117.172897 32.792633)"
49065139,,25,,49065139,residential,,0,,,109.016,25 mph,Osler Street,False,237888014,,,49107399,4.36064,,,"LINESTRING (-117.1703352 32.793746, -117.1702241 32.7938611, -117.170036 32.794052, -117.16996 32.794159, -117.169907 32.794331, -117.169907 32.794613)"
49065139,,40,,49065139,secondary,,0,,"['3', '2']",159.803,40 mph,Genesee Avenue,True,"[237888016, 436323857, 253138375]",,,49065136,3.995075,,,"LINESTRING (-117.1703352 32.793746, -117.1703095 32.7936739, -117.1701806 32.79359, -117.1698892 32.7934003, -117.1695137 32.79322, -117.1693347 32.7931334, -117.169286 32.7931098, -117.1689451 32.7929449)"
49065136,,25,,49065136,residential,,0,,,16.191,25 mph,Whitney Street,False,6050536,,,673058996,0.64764,,,"LINESTRING (-117.1689451 32.7929449, -117.1688765 32.7930786)"
49065136,,40,,49065136,secondary,,0,,"['3', '2']",326.342,40 mph,Genesee Avenue,True,"[253138376, 253138377]",,,49065135,8.15855,,,"LINESTRING (-117.1689451 32.7929449, -117.1666314 32.791833, -117.1662636 32.7916562, -117.1660996 32.7915774, -117.1659142 32.7914883)"
49065135,,35,,49065135,secondary,,0,,,17.823,35 mph,Linda Vista Road,False,157974316,,,673058992,0.509228571,,,"LINESTRING (-117.1659142 32.7914883, -117.1657947 32.7916132)"
49065135,,35,,49065135,secondary,,0,,,113.068,35 mph,Linda Vista Road,True,436324182,,,49108859,3.2305142860000005,,,"LINESTRING (-117.1659142 32.7914883, -117.1660631 32.7914845, -117.166156 32.7913908, -117.1661833 32.7913632, -117.1664681 32.7910736, -117.166737 32.790796)"
49065135,,45,,49065135,secondary,,0,,3,271.967,45 mph,Genesee Avenue,True,"[436323859, 246412142]",,,49065129,6.043711111,,,"LINESTRING (-117.1659142 32.7914883, -117.1658001 32.7914545, -117.1655494 32.7913801, -117.1653098 32.7913109, -117.1652061 32.7912809, -117.1648037 32.7912267, -117.1644443 32.7911907, -117.1642566 32.7911771, -117.1634977 32.7911829, -117.1631397 32.7911856, -117.1630549 32.7911862)"
49065129,,45,,49065129,secondary,,0,,,147.422,45 mph,Genesee Avenue,True,"[237888019, 157971094]",,,673054861,3.2760444439999996,,,"LINESTRING (-117.1630549 32.7911862, -117.1629818 32.791186, -117.1620784 32.791183, -117.1614778 32.7911816)"
49065129,,25,,49065129,residential,,0,,,14.517999999999999,25 mph,Richland Street,False,237888018,,,673059391,0.58072,,,"LINESTRING (-117.1630549 32.7911862, -117.16305 32.7913167)"
49065129,,25,,49065129,residential,,0,,,54.638999999999996,25 mph,Richland Street,False,5985872,,,49325747,2.1855599999999997,,,"LINESTRING (-117.1630549 32.7911862, -117.1630568 32.7911293, -117.163071 32.790695)"
673054861,,25,,673054861,motorway_link,,0,,,489.649,25 mph,,True,"[237888154, 159072039]",,,49306949,19.58596,,,"LINESTRING (-117.1614778 32.7911816, -117.1611559 32.7911567, -117.1607482 32.791078, -117.1604647 32.7910218, -117.1601869 32.7908353, -117.1600282 32.7905892, -117.1599723 32.7902248, -117.1603503 32.7888504, -117.1606408 32.7876976)"
673054861,,45,,673054861,secondary,,0,,,83.93,45 mph,Genesee Avenue,True,"[237888152, 237888153]",,,48883574,1.865111111,,,"LINESTRING (-117.1614778 32.7911816, -117.1611427 32.791209, -117.1608506 32.7912217, -117.1605835 32.7912463)"
49306949,,65,,49306949,motorway,,0,,4,1630.421,65 mph,Cabrillo Freeway,True,123047041,CA 163,,48900511,25.0834,,,"LINESTRING (-117.1606408 32.7876976, -117.1627867 32.7816573, -117.1629359 32.7811112, -117.163018 32.7806677, -117.1630537 32.7801116, -117.1630764 32.7796038, -117.1630617 32.7791724, -117.1629929 32.7786371, -117.1628503 32.7779878, -117.1626379 32.7773677, -117.162407 32.7767031, -117.1621051 32.7761341, -117.161812 32.775574, -117.1613676 32.7745395, -117.1612525 32.7740853, -117.1611823 32.7735714)"
48900511,,25,,48900511,motorway_link,,0,,,226.05599999999998,25 mph,,True,159069391,,,48900514,9.04224,,,"LINESTRING (-117.1611823 32.7735714, -117.1612812 32.7729186, -117.1613834 32.7723937, -117.161611 32.7715727)"
48900511,,65,yes,48900511,motorway,,0,,4,652.811,65 mph,Cabrillo Freeway,True,"[641733721, 390056758]",CA 163,,3932109866,10.04324615,,,"LINESTRING (-117.1611823 32.7735714, -117.1612211 32.7724384, -117.1612483 32.7722241, -117.1612963 32.7719991, -117.1613287 32.7718515, -117.1615054 32.7712386, -117.1622922 32.7683138, -117.162427 32.7678126)"
3932109866,,65,yes,3932109866,motorway,,0,,4,69.107,65 mph,Cabrillo Freeway,True,179340876,CA 163,,49306895,1.063184615,,,"LINESTRING (-117.162427 32.7678126, -117.1625733 32.7672034)"
49306895,,25,yes,49306895,motorway_link,,0,,2,329.023,25 mph,,True,"[179340888, 159059929]",,,276820772,13.16092,,,"LINESTRING (-117.1625733 32.7672034, -117.1629886 32.7658898, -117.1630769 32.7655397, -117.1634775 32.7643444)"
49306895,,65,yes,49306895,motorway,,0,,4,433.25199999999995,65 mph,Cabrillo Freeway,True,"[641733666, 179340885]",CA 163,,48883409,6.665415385,,,"LINESTRING (-117.1625733 32.7672034, -117.1629444 32.765574, -117.1632021 32.7646131, -117.163306 32.7642255, -117.1634138 32.7638164, -117.1634787 32.7633839)"
48883409,,25,yes,48883409,motorway_link,,0,,"['1', '2']",486.11699999999996,25 mph,,True,"[113034891, 159059940, 38783519]",,,276776512,19.444679999999998,,,"LINESTRING (-117.1634787 32.7633839, -117.1635488 32.7632859, -117.1635622 32.7631348, -117.1635777 32.7628295, -117.1635874 32.7619671, -117.1636045 32.7614041, -117.1636303 32.7612525, -117.1636904 32.7611443, -117.1637848 32.7610577, -117.1639307 32.7609999, -117.1641109 32.7609783, -117.1642654 32.7610071, -117.1643942 32.7610865, -117.16448 32.7611804, -117.1645143 32.7612958, -117.1645229 32.7614185, -117.16448 32.7615557, -117.1643942 32.7616928, -117.164274 32.7618011, -117.1641109 32.7618949, -117.1639027 32.7619784, -117.1637852 32.7620198, -117.163627 32.7621014)"
48883409,,65,,48883409,motorway,,0,,3,519.087,65 mph,Cabrillo Freeway,True,123585980,CA 163,,273313975,7.985953846,,,"LINESTRING (-117.1634787 32.7633839, -117.1634951 32.7628639, -117.16348 32.7623365, -117.1634099 32.7617973, -117.1632842 32.761266, -117.1632072 32.7610103, -117.1631101 32.760754, -117.1629962 32.7605105, -117.162864 32.7602655, -117.1627367 32.7600698, -117.1626346 32.7599276, -117.1625225 32.7597882, -117.1623935 32.7596418, -117.1623065 32.7595461, -117.1618495 32.7590688)"
273313975,,65,,273313975,motorway,,0,,5,427.839,65 mph,Cabrillo Freeway,True,38784439,CA 163,,49306855,6.5821384620000005,,,"LINESTRING (-117.1618495 32.7590688, -117.1614577 32.7587281, -117.1607479 32.7581016, -117.1605101 32.7578932, -117.1602925 32.7576891, -117.1600514 32.7574286, -117.1599091 32.7572625, -117.1596915 32.7569739, -117.1594454 32.7566022, -117.1592241 32.7561994, -117.1591457 32.7560109)"
49306855,,65,yes,49306855,motorway,,0,,3,375.375,65 mph,Cabrillo Freeway,True,"[390054915, 390054916, 38784438]",CA 163,,49306847,5.775,,,"LINESTRING (-117.1591457 32.7560109, -117.1590335 32.7557743, -117.1589415 32.7555589, -117.1588963 32.7554012, -117.1587372 32.7547846, -117.1586736 32.754579, -117.1585983 32.7543579, -117.1584895 32.7541087, -117.1583689 32.753868, -117.1581881 32.753585, -117.1580157 32.7533442, -117.1577679 32.7530626, -117.1576758 32.7529669, -117.1576356 32.7529246)"
49306855,,40,,49306855,"['secondary', 'motorway_link']",,0,,"['3', '2']",890.546,40 mph,6th Avenue,True,"[5945888, 238775009, 436404969, 634197464]",,,49251412,22.26365,,,"LINESTRING (-117.1591457 32.7560109, -117.1590369 32.7555434, -117.158995 32.7553815, -117.1588628 32.7548676, -117.1587004 32.7543565, -117.1585108 32.7538061, -117.1583306 32.7533657, -117.1581847 32.7529543, -117.1581169 32.7526191, -117.1581855 32.7520896, -117.1583277 32.7516249, -117.1584014 32.7513847, -117.1584966 32.7511648, -117.1585852 32.7509741, -117.1586891 32.75078, -117.1593268 32.7495891, -117.1593951 32.749457, -117.1594341 32.7493815, -117.1595212 32.7491277, -117.1595803 32.7488514, -117.1595896 32.7483371)"
49306847,,25,,49306847,motorway_link,,0,,1,384.38,25 mph,,True,5954109,,,49033678,15.3752,,,"LINESTRING (-117.1576356 32.7529246, -117.1573111 32.7525077, -117.1566845 32.7518291, -117.15653 32.7515837, -117.1564635 32.7513452, -117.1564871 32.750999, -117.1566158 32.7507175, -117.1569849 32.7503276, -117.1574439 32.7501383)"
49306847,,25,,49306847,motorway,,0,,3,105.024,25 mph,Cabrillo Freeway,True,225518897,CA 163,,49306843,4.20096,,,"LINESTRING (-117.1576356 32.7529246, -117.1574226 32.7527603, -117.1570879 32.7524932, -117.1567961 32.7522983)"
49306843,,55,,49306843,motorway,,0,,2,383.45099999999996,55 mph,Cabrillo Parkway,True,38784436,CA 163,,48900269,6.971836364,,,"LINESTRING (-117.1567961 32.7522983, -117.156415 32.752058, -117.156212 32.751911, -117.15593 32.751659, -117.155894 32.751613, -117.155663 32.751316, -117.1554814 32.7509026, -117.1554231 32.7506994, -117.1553963 32.750541, -117.1553936 32.7503786, -117.1553963 32.750229, -117.1554326 32.7500431, -117.1556767 32.7493151)"
49306843,,25,,49306843,motorway_link,,0,,"['1', '2']",379.20099999999996,25 mph,,True,"[436596328, 5946356, 436596327]",,,48945711,15.16804,,,"LINESTRING (-117.1567961 32.7522983, -117.1560236 32.7515187, -117.1558176 32.7510856, -117.1557694 32.7507293, -117.1556803 32.7499811, -117.155704 32.7498124, -117.1557439 32.7497712, -117.1558691 32.7496419, -117.1560322 32.7496202, -117.156157 32.7496378, -117.156372 32.749668)"
48900269,,55,,48900269,motorway,,0,,2,544.481,55 mph,Cabrillo Parkway,True,617118276,CA 163,,49306822,9.899654545,,,"LINESTRING (-117.1556767 32.7493151, -117.1560883 32.7481334, -117.1562991 32.7475407, -117.156426 32.7471906, -117.1565376 32.7466853, -117.1565633 32.7462305, -117.1565118 32.7456313, -117.1564224 32.744852, -117.1563975 32.744525)"
49306822,,55,,49306822,motorway,,0,,2,1512.285,55 mph,Cabrillo Parkway,True,617118276,CA 163,,280915696,27.49609091,,,"LINESTRING (-117.1563975 32.744525, -117.1563831 32.7439348, -117.1564432 32.7434078, -117.1565033 32.742787, -117.1565891 32.7418773, -117.1565977 32.7410832, -117.1565376 32.7403396, -117.1564603 32.7398126, -117.1564003 32.7394733, -117.1561685 32.7383542, -117.1560827 32.7378416, -117.156021 32.737133, -117.15596 32.736706, -117.155968 32.736022, -117.1560072 32.735087, -117.1559969 32.7348488, -117.1559449 32.7344314, -117.1558924 32.7342073, -117.1556565 32.7335874, -117.1554723 32.7332409, -117.15526 32.732905, -117.1550126 32.7324589, -117.1549298 32.7322954, -117.1548467 32.7321111, -117.1547825 32.7319242, -117.1547323 32.7317608, -117.1546924 32.7315969, -117.1546464 32.7313834, -117.1546286 32.7311781)"
280915696,,25,,280915696,motorway_link,,0,,2,500.88199999999995,25 mph,,True,25330326,,,48955158,20.03528,,,"LINESTRING (-117.1546286 32.7311781, -117.1546963 32.7307591, -117.1547225 32.730586, -117.1547641 32.7304179, -117.1548402 32.7301587, -117.1550308 32.7297924, -117.1553767 32.729205, -117.1557348 32.7286234, -117.1558676 32.7283985, -117.1559855 32.7281735, -117.1561574 32.7277742, -117.1562721 32.7274474, -117.1564224 32.7269681)"
280915696,,55,,280915696,motorway,,0,,2,1146.445,55 mph,Cabrillo Parkway,True,185218254,CA 163,,1361902353,20.84445455,,,"LINESTRING (-117.1546286 32.7311781, -117.1546242 32.7307573, -117.1546635 32.7304287, -117.1547195 32.7301811, -117.1548254 32.7298707, -117.1549845 32.7295286, -117.1554029 32.7287592, -117.1555983 32.7283597, -117.1558651 32.7277548, -117.1559528 32.727466, -117.1560196 32.727173, -117.1560539 32.7269073, -117.156059 32.726643, -117.1560495 32.7263239, -117.1560361 32.726137, -117.156013 32.7259442, -117.1559653 32.7256457, -117.1558595 32.7252378, -117.1555637 32.7242841, -117.1554974 32.7240495, -117.1554536 32.7238135, -117.1554178 32.7236079, -117.1553905 32.7233393, -117.1553417 32.7228175, -117.1553176 32.7224312, -117.1553047 32.7221367, -117.1552951 32.7219007, -117.1553053 32.7216279, -117.1553167 32.7214883, -117.1553873 32.7211437)"
1361902353,,55,,1361902353,motorway,,0,,2,144.965,55 mph,Cabrillo Parkway,True,"[573058037, 185218254]",CA 163,,1361902309,2.635727273,,,"LINESTRING (-117.1553873 32.7211437, -117.155471 32.7207183, -117.1555502 32.7204623, -117.1556198 32.7202355, -117.1556606 32.7200088, -117.1556331 32.7198662)"
1361902353,,25,,1361902353,motorway_link,,0,,2,184.062,25 mph,,True,"[436403246, 25330183]",,,1957100990,7.362480000000001,,,"LINESTRING (-117.1553873 32.7211437, -117.1555449 32.7207345, -117.155662 32.7204387, -117.1557037 32.7203352, -117.1557589 32.720236, -117.1558694 32.7201183, -117.1560419 32.7199995, -117.1561464 32.7199627, -117.1564492 32.7199027)"
1361902309,,25,,1361902309,secondary,,0,,3,112.243,25 mph,10th Avenue,True,"[436403220, 436403221]",,,49120838,4.489719999999999,,,"LINESTRING (-117.1556331 32.7198662, -117.1556297 32.7192822, -117.1556181 32.7188569)"
1361902309,,25,,1361902309,unclassified,,0,,,76.832,25 mph,Ash Street,True,38784421,,,1957100990,3.07328,,,"LINESTRING (-117.1556331 32.7198662, -117.1557339 32.719867, -117.155895 32.7198757, -117.1561455 32.7198731, -117.1563631 32.7198783, -117.1564492 32.7199027)"
49120838,,25,,49120838,secondary,,0,,3,114.965,25 mph,10th Avenue,True,526007714,,,49120837,4.5986,,,"LINESTRING (-117.1556181 32.7188569, -117.1556187 32.7186627, -117.1556194 32.7184695, -117.1556215 32.717823)"
49120838,,25,,49120838,secondary,,0,,,19.493,25 mph,A Street,True,278328404,,,1469023916,0.77972,,,"LINESTRING (-117.1556181 32.7188569, -117.1554107 32.7188738)"
1469023916,,25,,1469023916,secondary_link,,0,,2,70.503,25 mph,,True,"[133466880, 436403236]",,,1042300596,2.82012,,,"LINESTRING (-117.1554107 32.7188738, -117.1551955 32.7189136, -117.1551179 32.7189265, -117.1550636 32.7189454, -117.1550021 32.7189836, -117.1549378 32.7190468, -117.1548841 32.719128, -117.1548595 32.7192179)"
1469023916,,25,,1469023916,secondary,,0,,3,64.181,25 mph,A Street,True,"[436403225, 600531531, 278328404]",,,49466669,2.56724,,,"LINESTRING (-117.1554107 32.7188738, -117.1552086 32.7188749, -117.1549178 32.718874, -117.1547247 32.7188776)"
49466669,,25,,49466669,secondary,,0,,3,82.44200000000001,25 mph,A Street,True,"[436403226, 278328399]",,,49056722,3.29768,,,"LINESTRING (-117.1547247 32.7188776, -117.1543741 32.7188806, -117.1542444 32.7188817, -117.1538435 32.7188852)"
49466669,,25,,49466669,secondary,,0,,3,54.532,25 mph,11th Avenue,True,"[436403224, 436458644]",,,49466671,2.18128,,,"LINESTRING (-117.1547247 32.7188776, -117.154728 32.7192557, -117.154729 32.719368)"
49056722,,25,,49056722,secondary,,0,,,14.052999999999999,25 mph,A Street,True,278328401,,,2430691268,0.56212,,,"LINESTRING (-117.1538435 32.7188852, -117.1536933 32.7188835)"
49056722,,25,,49056722,secondary,,0,,3,117.42299999999999,25 mph,Park Boulevard,True,"[436458657, 436458651]",,,49056721,4.6969199999999995,,,"LINESTRING (-117.1538435 32.7188852, -117.1538435 32.7186802, -117.1538449 32.7181384, -117.153845 32.7181082, -117.1538455 32.717908, -117.1538407 32.7178293)"
49056721,,25,,49056721,secondary,,0,,3,117.27799999999999,25 mph,Park Boulevard,True,"[234953560, 621450945, 436458649]",,,49056720,4.69112,,,"LINESTRING (-117.1538407 32.7178293, -117.1538496 32.7177349, -117.1538476 32.7175618, -117.1538282 32.7171124, -117.1538191 32.7169026, -117.1537655 32.7167836)"
49056721,,25,,49056721,tertiary,,0,,,81.832,25 mph,B Street,True,526007715,,,49337551,3.2732799999999997,,,"LINESTRING (-117.1538407 32.7178293, -117.1539169 32.7178291, -117.1540578 32.7178287, -117.1543729 32.7178279, -117.1547154 32.717827)"
49056720,,25,,49056720,secondary,,0,,,118.206,25 mph,Park Boulevard,True,"[621450946, 621450949]",,,2430693061,4.72824,,,"LINESTRING (-117.1537655 32.7167836, -117.1536984 32.7168714, -117.1536943 32.7172088, -117.1537003 32.7177213, -117.1536973 32.71783)"
49056720,,25,,49056720,secondary,,0,,,117.04,25 mph,Park Boulevard,False,"[121194921, 617488188, 617488191]",,,49056719,4.6816,,,"LINESTRING (-117.1537655 32.7167836, -117.153797 32.7166905, -117.1538136 32.7165073, -117.153817 32.7158293, -117.1538322 32.7157774, -117.1538437 32.715738)"
49056720,,25,,49056720,tertiary,,0,,,83.29299999999999,25 mph,C Street,True,641705046,,,49337744,3.33172,,,"LINESTRING (-117.1537655 32.7167836, -117.1536347 32.7167826, -117.1531332 32.7167852, -117.1528752 32.7167866)"
49337744,,25,,49337744,residential,,0,,,116.38,25 mph,13th Street,False,641705045,,,49099172,4.6552,,,"LINESTRING (-117.1528752 32.7167866, -117.1528745 32.7166958, -117.1528669 32.71574)"
49337744,,25,,49337744,tertiary,,0,,,84.68700000000001,25 mph,C Street,True,27770317,,,49582804,3.3874800000000005,,,"LINESTRING (-117.1528752 32.7167866, -117.15197 32.7167914)"
49582804,,25,,49582804,residential,,0,,,116.469,25 mph,14th Street,False,642285119,,,49099173,4.65876,,,"LINESTRING (-117.15197 32.7167914, -117.1519691 32.716698, -117.1519664 32.716415, -117.1519601 32.715744)"
49582804,,25,,49582804,tertiary,,0,,,144.928,25 mph,C Street,True,27770317,,,49061911,5.79712,,,"LINESTRING (-117.15197 32.7167914, -117.1504209 32.7167995)"
49061911,,25,,49061911,tertiary,,0,,,87.241,25 mph,C Street,True,27770317,,,5084834850,3.48964,,,"LINESTRING (-117.1504209 32.7167995, -117.1494884 32.7168045)"
49061911,,25,,49061911,residential,,0,,,116.48200000000001,25 mph,15th Street,False,5957211,,,49061909,4.65928,,,"LINESTRING (-117.1504209 32.7167995, -117.1504154 32.716296, -117.1504107 32.7158551, -117.1504096 32.715752)"
5084834850,,25,,5084834850,tertiary,,0,,,84.06,25 mph,C Street,True,27770317,,,49487486,3.3624,,,"LINESTRING (-117.1494884 32.7168045, -117.1485899 32.7168092)"
5084834850,,25,,5084834850,tertiary,,0,,,116.7,25 mph,16th Street,False,593622091,,,49099174,4.668,,,"LINESTRING (-117.1494884 32.7168045, -117.149483 32.715755)"
5084834850,,25,,5084834850,tertiary,,0,,,117.03399999999999,25 mph,16th Street,False,593622091,,,49243416,4.68136,,,"LINESTRING (-117.1494884 32.7168045, -117.1494892 32.7169648, -117.1494912 32.7173509, -117.1494939 32.717857)"
49487486,,25,,49487486,tertiary,,0,,,171.572,25 mph,C Street,True,27770317,,,49059969,6.8628800000000005,,,"LINESTRING (-117.1485899 32.7168092, -117.146756 32.7168189)"
49487486,,25,,49487486,motorway_link,,0,,,162.475,25 mph,,True,27770260,,,275971450,6.499,,,"LINESTRING (-117.1485899 32.7168092, -117.1483781 32.7165363, -117.1481418 32.7159739, -117.1480164 32.7154456)"
49487486,,25,,49487486,residential,,0,,,116.557,25 mph,17th Street,True,119396241,,,49099175,4.66228,,,"LINESTRING (-117.1485899 32.7168092, -117.1485824 32.7158913, -117.1485813 32.715761)"
275971450,,25,,275971450,motorway_link,,0,,,171.662,25 mph,,True,32125146,,,5532359501,6.86648,,,"LINESTRING (-117.1480164 32.7154456, -117.1479786 32.7149162, -117.1479623 32.7145852, -117.1477765 32.7139212)"
5532359501,,65,,5532359501,motorway,,0,,4,254.649,65 mph,San Diego Freeway,True,32125174,I 5,,275969557,3.917676923,,,"LINESTRING (-117.1477765 32.7139212, -117.1477738 32.7121031, -117.1477765 32.7116311)"
275969557,,65,,275969557,motorway,,0,,4,142.241,65 mph,San Diego Freeway,True,32125174,I 5,,275963955,2.1883230769999997,,,"LINESTRING (-117.1477765 32.7116311, -117.1477779 32.7103519)"
275963955,,25,,275963955,motorway_link,,0,,,402.31800000000004,25 mph,,True,159056956,,,5532359496,16.09272,,,"LINESTRING (-117.1477779 32.7103519, -117.1479395 32.7091728, -117.1480212 32.7084906, -117.1482306 32.70793, -117.1484129 32.7074109, -117.1485959 32.7068138)"
275963955,,65,,275963955,motorway,,0,,4,427.475,65 mph,San Diego Freeway,True,32125174,I 5,,48948932,6.576538462,,,"LINESTRING (-117.1477779 32.7103519, -117.1477912 32.7088327, -117.1477523 32.7065078)"
48948932,,65,yes,48948932,motorway,,0,,4,233.267,65 mph,San Diego Freeway,True,"[32125041, 32125074, 32125046, 32125066]","['I-5', 'I 5']",,1224375906,3.588723077,,,"LINESTRING (-117.1477523 32.7065078, -117.1477491 32.7060462, -117.1476352 32.7055542, -117.1475579 32.7052942, -117.1474274 32.7049336, -117.147313 32.704727, -117.1471912 32.7044858)"
1224375906,,65,,1224375906,motorway,,0,,4,221.65599999999998,65 mph,San Diego Freeway,True,32125041,I-5,,49749909,3.4100923080000003,,,"LINESTRING (-117.1471912 32.7044858, -117.147027 32.704273, -117.1469251 32.7041666, -117.1467691 32.704017, -117.146362 32.703659, -117.145531 32.703079)"
1224375906,,25,,1224375906,motorway_link,,0,,,251.206,25 mph,,True,5941627,,,48898756,10.04824,,,"LINESTRING (-117.1471912 32.7044858, -117.1470497 32.7041578, -117.1468354 32.7038127, -117.1465597 32.7035403, -117.1461474 32.7031765, -117.1459121 32.7029743, -117.1458719 32.70291, -117.1458648 32.7028502, -117.1458786 32.7027941, -117.145926 32.7027292, -117.1459769 32.7026267)"
49749909,,65,,49749909,motorway,,0,,4,606.056,65 mph,San Diego Freeway,True,32125041,I-5,,49749884,9.323938462000001,,,"LINESTRING (-117.145531 32.703079, -117.145287 32.702911, -117.1423775 32.7008767, -117.140519 32.699627)"
49749909,,25,yes,49749909,motorway_link,,0,,2,498.81699999999995,25 mph,,True,"[26050193, 6055507, 178116807]",,,275962397,19.952679999999997,,,"LINESTRING (-117.145531 32.703079, -117.1448471 32.7024594, -117.1442931 32.7019762, -117.1439445 32.7016829, -117.1436956 32.7014229, -117.1435754 32.7012062, -117.1434896 32.701004, -117.1434467 32.7007729, -117.1434467 32.7005129, -117.143481 32.7003034, -117.1436266 32.6999584, -117.1437242 32.6998123, -117.1440565 32.6993653)"
49749884,,65,,49749884,motorway,,0,,4,153.51,65 mph,San Diego Freeway,True,32125041,I-5,,48897665,2.3616923080000003,,,"LINESTRING (-117.140519 32.699627, -117.139252 32.69875)"
48897665,,65,,48897665,motorway,,0,,4,248.327,65 mph,San Diego Freeway,True,32125041,I-5,,49749875,3.820415385,,,"LINESTRING (-117.139252 32.69875, -117.137262 32.6972725)"
49749875,,65,,49749875,motorway,,0,,4,885.985,65 mph,San Diego Freeway,True,"[32125041, 6054325]","['I-5', 'I 5']",,275957436,13.63053846,,,"LINESTRING (-117.137262 32.6972725, -117.134992 32.695672, -117.134668 32.695438, -117.1343915 32.6952473, -117.1338594 32.6949584, -117.1334856 32.6947725, -117.1328075 32.6945342, -117.1322325 32.6943897, -117.13172 32.694339, -117.131157 32.69429, -117.1289209 32.6943619)"
49749875,,25,,49749875,motorway_link,,0,,2,165.87599999999998,25 mph,,True,"[419364090, 419364094]",,,275960347,6.635039999999999,,,"LINESTRING (-117.137262 32.6972725, -117.1367598 32.6967977, -117.1366403 32.6966847, -117.1360395 32.6961936)"
275957436,,65,,275957436,motorway,,0,,4,523.617,65 mph,San Diego Freeway,True,6054325,I 5,,49752830,8.055646154,,,"LINESTRING (-117.1289209 32.6943619, -117.1272933 32.6944022, -117.1265123 32.6943878, -117.1259801 32.6943517, -117.1252677 32.6942578, -117.124727 32.6941278, -117.1243751 32.6940266, -117.1239974 32.6939183, -117.1234547 32.6937074)"
49752830,,25,yes,49752830,motorway_link,,0,,,470.131,25 mph,,True,"[25329600, 32124968, 32124922, 32124919]",,,48950621,18.805239999999998,,,"LINESTRING (-117.1234547 32.6937074, -117.1228111 32.6932977, -117.1223391 32.6929799, -117.1221694 32.6928646, -117.1216121 32.692486, -117.1212633 32.6922444, -117.1211174 32.6920999, -117.1210487 32.6919338, -117.1210659 32.6917749, -117.1211603 32.6916376, -117.1212891 32.6915509, -117.1214951 32.6915148, -117.1216839 32.6915365, -117.1218212 32.6916232, -117.1219414 32.6917532, -117.1219843 32.6919121, -117.1219699 32.6921534)"
49752830,,65,yes,49752830,motorway,,0,,4,531.7090000000001,65 mph,San Diego Freeway,True,"[32124964, 32124901, 32124965, 32124902, 32124883, 32124916, 32124884, 32124918]",I 5,,275955975,8.180138462,,,"LINESTRING (-117.1234547 32.6937074, -117.1228111 32.6934421, -117.1221846 32.6931027, -117.1215151 32.692662, -117.1209693 32.6922681, -117.1205452 32.6919469, -117.1201504 32.6916796, -117.1197281 32.6913707, -117.1190705 32.6908919, -117.118961 32.6908121)"
275955975,,65,,275955975,motorway,,0,,4,611.41,65 mph,San Diego Freeway,True,32124884,I 5,,48966584,9.406307692,,,"LINESTRING (-117.118961 32.6908121, -117.117082 32.689476, -117.116508 32.689083, -117.1155792 32.6884138, -117.1150416 32.6880333, -117.114506 32.6876216, -117.1140417 32.6872)"
275955975,,25,,275955975,motorway_link,,0,,,618.028,25 mph,,True,5948259,,,48877318,24.721120000000003,,,"LINESTRING (-117.118961 32.6908121, -117.1181867 32.6900899, -117.1172655 32.6892764, -117.1169479 32.6889947, -117.1165369 32.6886169, -117.116013 32.688168, -117.115713 32.687995, -117.114599 32.6873304, -117.1141766 32.6870132)"
48966584,,65,yes,48966584,motorway,,0,,4,890.7080000000001,65 mph,San Diego Freeway,True,"[32124665, 32124722, 32124723, 32124662]",I 5,,278082602,13.7032,,,"LINESTRING (-117.1140417 32.6872, -117.1137045 32.6868904, -117.113128 32.6861977, -117.1128227 32.6857777, -117.1125218 32.6853134, -117.1124515 32.6851499, -117.1120284 32.6842697, -117.1115622 32.6831049, -117.1112154 32.6823032, -117.111202 32.6822637, -117.110343 32.679895)"
278082602,,65,,278082602,motorway,,0,,4,502.275,65 mph,San Diego Freeway,True,32124662,I 5,,360605834,7.727307692,,,"LINESTRING (-117.110343 32.679895, -117.1099863 32.6789782, -117.1098035 32.6785026, -117.1097061 32.678254, -117.1095876 32.6778273, -117.1094901 32.6773516, -117.1094505 32.6767836, -117.1094635 32.6764212, -117.1095077 32.6760723, -117.1095759 32.6757092, -117.1096489 32.6754982)"
360605834,,25,yes,360605834,motorway_link,,0,,,256.83299999999997,25 mph,,True,"[25328347, 32124611]",,,275945751,10.27332,,,"LINESTRING (-117.1096489 32.6754982, -117.1101416 32.6747042, -117.1105649 32.6741316, -117.1107128 32.6739953, -117.1108415 32.6739303, -117.1110046 32.6739086, -117.1111762 32.6739519, -117.111305 32.6740386)"
360605834,,65,yes,360605834,motorway,,0,,4,428.452,65 mph,San Diego Freeway,True,"[32124608, 32124609]",I 5,,275945547,6.591569231,,,"LINESTRING (-117.1096489 32.6754982, -117.109916 32.6747166, -117.1109854 32.6725272, -117.1112215 32.6718846)"
275945547,,65,yes,275945547,motorway,,0,,4,138.067,65 mph,San Diego Freeway,True,"[32124608, 32124558]",I 5,,49752898,2.124107692,,,"LINESTRING (-117.1112215 32.6718846, -117.1112762 32.6716515, -117.1113595 32.6713478, -117.1114253 32.6710762, -117.1114781 32.6706634)"
49752898,,25,yes,49752898,motorway_link,,0,,,259.172,25 mph,,True,"[25328459, 419141175]",,,49024098,10.36688,,,"LINESTRING (-117.1114781 32.6706634, -117.111655 32.6701434, -117.1117494 32.6696305, -117.1118095 32.6694498, -117.1119039 32.6692764, -117.1120326 32.6691102, -117.1122129 32.6689585, -117.1123646 32.6688823, -117.1127021 32.6687129)"
49752898,,65,yes,49752898,motorway,,0,,4,523.684,65 mph,San Diego Freeway,True,"[32124581, 32124558]",I 5,,48993403,8.056676923,,,"LINESTRING (-117.1114781 32.6706634, -117.1115262 32.6696883, -117.1115296 32.6694351, -117.1114661 32.6688935, -117.111262 32.667748, -117.1106527 32.6660457)"
48993403,,65,yes,48993403,motorway,,0,,4,328.61300000000006,65 mph,San Diego Freeway,True,"[32124581, 136517101, 136517106, 136517110, 136517113]",I 5,,48857761,5.055584615,,,"LINESTRING (-117.1106527 32.6660457, -117.1104166 32.6654532, -117.1102971 32.6651732, -117.1101542 32.66483, -117.1100107 32.6644843, -117.1097418 32.6638543, -117.1094931 32.6632564)"
48857761,,65,yes,48857761,motorway,,0,,4,736.202,65 mph,San Diego Freeway,True,"[136517104, 136517113, 136517100]",I 5,,48857765,11.32618462,,,"LINESTRING (-117.1094931 32.6632564, -117.1083028 32.6602757, -117.108106 32.6598167, -117.1078289 32.659149, -117.1076001 32.6585702, -117.1069235 32.6569994)"
48857761,,25,,48857761,motorway_link,,0,,"['3', '2']",374.79,25 mph,,True,"[436597780, 419140949, 436597782]",,,48857762,14.9916,,,"LINESTRING (-117.1094931 32.6632564, -117.1092611 32.6623722, -117.1089871 32.6613567, -117.1088163 32.6607238, -117.1087713 32.6605552, -117.1086852 32.6602326, -117.1086294 32.6599655)"
48857765,,65,,48857765,motorway,,0,,4,97.334,65 mph,San Diego Freeway,True,136517100,I 5,,49022210,1.4974461540000001,,,"LINESTRING (-117.1069235 32.6569994, -117.1065674 32.656177)"
49022210,,25,yes,49022210,motorway_link,,0,,2,1278.5919999999999,25 mph,,True,"[25287232, 5952975, 25287220, 251817046, 436601595]",,,48883743,51.143679999999996,,,"LINESTRING (-117.1065674 32.656177, -117.1061898 32.6550425, -117.1051734 32.6520888, -117.105059 32.6517144, -117.1049045 32.6513676, -117.1047243 32.6511435, -117.1045526 32.6509701, -117.1042436 32.6507533, -117.1039947 32.6506449, -117.1037115 32.6505365, -117.1032737 32.6504498, -117.1027327 32.650439, -117.1022867 32.6505076, -117.101236 32.6508144, -117.0999365 32.6511877, -117.0978738 32.651816)"
49022210,,65,yes,49022210,motorway,,0,,4,818.9830000000001,65 mph,San Diego Freeway,True,"[136517100, 25287205, 25287207]",I 5,,49752930,12.59973846,,,"LINESTRING (-117.1065674 32.656177, -117.106041 32.655052, -117.105543 32.653897, -117.105293 32.653316, -117.104505 32.651472, -117.103917 32.650186, -117.103576 32.6492577)"
49752930,,25,yes,49752930,motorway_link,,0,,2,728.235,25 mph,,True,"[25215504, 436601600, 25215508, 436601599]",,,274956156,29.1294,,,"LINESTRING (-117.103576 32.6492577, -117.1034215 32.6485351, -117.1031125 32.6474293, -117.1027691 32.6463019, -117.1025546 32.6451528, -117.1024773 32.6447336, -117.1023057 32.644206, -117.1022541 32.6440476, -117.101855 32.6428786)"
49752930,,65,,49752930,motorway,,0,,4,624.596,65 mph,San Diego Freeway,True,"[436601594, 25287207]",I 5,,274955960,9.609169231000001,,,"LINESTRING (-117.103576 32.6492577, -117.102865 32.64739, -117.102776 32.647124, -117.102577 32.64653, -117.1017538 32.6438561)"
274955960,,65,,274955960,motorway,,0,,"['4', '5']",505.31800000000004,65 mph,San Diego Freeway,True,"[436601592, 6054248]",I 5,,275724229,7.7741230770000005,,,"LINESTRING (-117.1017538 32.6438561, -117.1011586 32.642037, -117.1009044 32.6413424, -117.1006551 32.6407331, -117.1001275 32.639526)"
275724229,,65,,275724229,motorway,,0,,4,375.88,65 mph,San Diego Freeway,True,6054248,I 5,,275723159,5.7827692310000005,,,"LINESTRING (-117.1001275 32.639526, -117.0997136 32.6384746, -117.0989107 32.6363048)"
275723159,,65,,275723159,motorway,,0,,4,446.62800000000004,65 mph,San Diego Freeway,True,6054248,I 5,,49282629,6.8712,,,"LINESTRING (-117.0989107 32.6363048, -117.0979089 32.6339247, -117.097594 32.6329407, -117.0974034 32.6324965)"
49282629,,65,,49282629,motorway,,0,,4,775.53,65 mph,San Diego Freeway,True,6054248,I 5,,275721486,11.93123077,,,"LINESTRING (-117.0974034 32.6324965, -117.0947896 32.6258785)"
49282629,,25,,49282629,motorway_link,,0,,3,349.43199999999996,25 mph,,True,"[25215817, 436598270]",,,5896496242,13.977279999999999,,,"LINESTRING (-117.0974034 32.6324965, -117.0973562 32.6321326, -117.0970807 32.6312056, -117.0968537 32.6304515, -117.0967707 32.6302407, -117.0964196 32.629475)"
275721486,,65,,275721486,motorway,,0,,4,85.539,65 mph,San Diego Freeway,True,6054248,I 5,,275719065,1.315984615,,,"LINESTRING (-117.0947896 32.6258785, -117.094415 32.6251769)"
275719065,,65,yes,275719065,motorway,,0,,4,710.768,65 mph,San Diego Freeway,True,"[6054248, 32124288, 32124287]",I 5,,275718753,10.93489231,,,"LINESTRING (-117.094415 32.6251769, -117.0934008 32.6225147, -117.093209 32.6220095, -117.0921875 32.6190669)"
275719065,,25,,275719065,motorway_link,,0,,2,336.46,25 mph,,True,"[436297762, 436297765, 419139965]",,,3581916699,13.4584,,,"LINESTRING (-117.094415 32.6251769, -117.0942276 32.6243019, -117.0939873 32.6234055, -117.0939487 32.623242, -117.093759 32.6224375, -117.0937298 32.6223139, -117.0937143 32.6222707, -117.0936936 32.6222136)"
275718753,,65,,275718753,motorway,,0,,4,291.404,65 mph,San Diego Freeway,True,32124288,I 5,,49750671,4.483138462,,,"LINESTRING (-117.0921875 32.6190669, -117.0920753 32.6187771, -117.0918447 32.6180743, -117.091758 32.6177066, -117.0916672 32.6172209, -117.0915876 32.6165039)"
49750671,,25,,49750671,motorway_link,,0,,2,346.41,25 mph,,True,"[436258251, 419139478]",,,275712415,13.8564,,,"LINESTRING (-117.0915876 32.6165039, -117.0915638 32.6154003, -117.0915665 32.6149631, -117.0915734 32.6135373, -117.0915283 32.6133937)"
49750671,,65,,49750671,motorway,,0,,4,678.71,65 mph,San Diego Freeway,True,32124288,I 5,,48894571,10.44169231,,,"LINESTRING (-117.0915876 32.6165039, -117.0914839 32.6156252, -117.0908435 32.6104324)"
275712415,,25,,275712415,motorway_link,,0,,,55.538000000000004,25 mph,,True,5941095,,,48894570,2.22152,,,"LINESTRING (-117.0915283 32.6133937, -117.0915638 32.6133395, -117.0916951 32.6132126, -117.0918148 32.6132372, -117.091927 32.613373)"
275712415,,25,,275712415,motorway_link,,0,,,59.652,25 mph,,True,25590038,,,278948963,2.3860799999999998,,,"LINESTRING (-117.0915283 32.6133937, -117.0915452 32.6132767, -117.0915986 32.6132015, -117.0917237 32.6131063, -117.0918755 32.6130761, -117.091942 32.6130628)"
48894570,,25,,48894570,secondary,,0,,3,34.521,25 mph,Bay Boulevard,False,419139476,,,278948963,1.38084,,,"LINESTRING (-117.091942 32.6130628, -117.091927 32.613373)"
48894570,,25,,48894570,secondary,,0,,3,132.989,25 mph,Bay Boulevard,False,178116729,,,49578050,5.31956,,,"LINESTRING (-117.0919222 32.6145682, -117.0918994 32.6138803, -117.091927 32.613373)"
49578050,,25,,49578050,secondary,,0,,3,132.989,25 mph,Bay Boulevard,False,178116729,,,48894570,5.31956,,,"LINESTRING (-117.0919222 32.6145682, -117.0918994 32.6138803, -117.091927 32.613373)"
49578050,,25,yes,49578050,secondary,,0,,"['3', '4', '2']",206.5,25 mph,L Street,True,"[436258236, 436258229, 436258228, 436258778, 436258780]",,,4341311257,8.26,,,"LINESTRING (-117.0919222 32.6145682, -117.0918646 32.6147343, -117.0918142 32.6148629, -117.0917591 32.614928, -117.0916237 32.6149992, -117.0908893 32.6152103, -117.0906276 32.6152708, -117.0905667 32.6152891, -117.0901211 32.6154202)"
49578050,,25,,49578050,secondary,,0,,3,44.494,25 mph,Bay Boulevard,False,"[178116729, 436453470]",,,49504844,1.7797599999999998,,,"LINESTRING (-117.0919222 32.6145682, -117.0919772 32.6147919, -117.0920454 32.6149537)"
4341311257,,25,,4341311257,secondary,,0,,,11.745,25 mph,Industrial Boulevard,False,436258226,,,49353625,0.4698,,,"LINESTRING (-117.0901211 32.6154202, -117.0901597 32.6155207)"
4341311257,,25,,4341311257,secondary,,0,,2,83.70700000000001,25 mph,L Street,True,436258248,,,49504811,3.3482800000000004,,,"LINESTRING (-117.0901211 32.6154202, -117.0899115 32.6154776, -117.0898547 32.6154936, -117.0893882 32.6156229, -117.0893553 32.6156508, -117.089302 32.615696)"
4341311257,,25,,4341311257,secondary,,0,,3,195.987,25 mph,Industrial Boulevard,False,"[436258224, 436258225, 436258223]",,,48953636,7.83948,,,"LINESTRING (-117.0894988 32.6137374, -117.0896101 32.6140383, -117.0897506 32.6144182, -117.0898844 32.6147801, -117.0899817 32.6150433, -117.090021 32.6151496, -117.0901211 32.6154202)"
49504811,,25,,49504811,secondary,,0,,"['3', '2']",83.23,25 mph,L Street,True,"[436258246, 436258239]",,,49353625,3.3292,,,"LINESTRING (-117.089302 32.615696, -117.0894247 32.6157014, -117.0896065 32.6156568, -117.0898894 32.6155828, -117.0899464 32.6155687, -117.0901597 32.6155207)"
49504811,,25,,49504811,residential,,0,,,205.017,25 mph,Colorado Avenue,False,6046034,,,49448436,8.20068,,,"LINESTRING (-117.089973 32.617451, -117.089302 32.615696)"
49504811,,25,,49504811,secondary,,0,,4,77.47,25 mph,L Street,False,436256452,,,49178422,3.0988,,,"LINESTRING (-117.088516 32.615913, -117.089302 32.615696)"
49178422,,25,,49178422,secondary,,0,,4,77.47,25 mph,L Street,False,436256452,,,49504811,3.0988,,,"LINESTRING (-117.088516 32.615913, -117.089302 32.615696)"
49178422,,25,,49178422,residential,,0,,,205.766,25 mph,Woodlawn Avenue,False,5969246,,,49178416,8.23064,,,"LINESTRING (-117.088516 32.615913, -117.088943 32.616997, -117.08902 32.617264, -117.08902 32.61731, -117.089127 32.617687)"
49178422,,25,,49178422,secondary,,0,,4,76.935,25 mph,L Street,False,436256452,,,49099536,3.0774,,,"LINESTRING (-117.087738 32.616135, -117.0882035 32.6160022, -117.088516 32.615913)"
49099536,,25,,49099536,residential,,0,,,205.437,25 mph,Oaklawn Avenue,False,5960841,,,49099534,8.21748,,,"LINESTRING (-117.087738 32.616135, -117.088173 32.617222, -117.088341 32.617908)"
49099536,,25,,49099536,secondary,,0,,4,73.811,25 mph,L Street,False,436256452,,,49236776,2.95244,,,"LINESTRING (-117.087738 32.616135, -117.08699 32.616344)"
49099536,,25,,49099536,secondary,,0,,4,76.935,25 mph,L Street,False,436256452,,,49178422,3.0774,,,"LINESTRING (-117.087738 32.616135, -117.0882035 32.6160022, -117.088516 32.615913)"
49236776,,25,,49236776,secondary,,0,,4,73.758,25 mph,L Street,False,436256452,,,49097824,2.95032,,,"LINESTRING (-117.08699 32.616344, -117.0868199 32.6163918, -117.086243 32.616554)"
49236776,,25,,49236776,residential,,0,,,205.90099999999998,25 mph,Jefferson Avenue,False,5974992,,,49236768,8.23604,,,"LINESTRING (-117.08699 32.616344, -117.087334 32.617214, -117.087463 32.617596, -117.087502 32.617802, -117.087532 32.61813)"
49236776,,25,,49236776,secondary,,0,,4,73.811,25 mph,L Street,False,436256452,,,49099536,2.95244,,,"LINESTRING (-117.087738 32.616135, -117.08699 32.616344)"
49097824,,25,,49097824,residential,,0,,,283.797,25 mph,Riverlawn Avenue,False,5960637,,,49097813,11.35188,,,"LINESTRING (-117.086243 32.616554, -117.086563 32.617405, -117.086571 32.617516, -117.086517 32.617619, -117.086472 32.617668, -117.086388 32.617718, -117.085854 32.617874, -117.085777 32.617908, -117.085732 32.61795, -117.08567 32.618076, -117.08567 32.618145, -117.085854 32.618595)"
49097824,,25,,49097824,secondary,,0,,4,73.758,25 mph,L Street,False,436256452,,,49236776,2.95032,,,"LINESTRING (-117.08699 32.616344, -117.0868199 32.6163918, -117.086243 32.616554)"
49097824,,25,,49097824,secondary,,0,,4,133.776,25 mph,L Street,False,436256452,,,4341298361,5.35104,,,"LINESTRING (-117.0848925 32.6169457, -117.0853055 32.6168259, -117.0857662 32.6166923, -117.0857883 32.6166859, -117.0859074 32.6166513, -117.0860709 32.6166039, -117.086243 32.616554)"
4341298361,,25,,4341298361,secondary,,0,,4,133.776,25 mph,L Street,False,436256452,,,49097824,5.35104,,,"LINESTRING (-117.0848925 32.6169457, -117.0853055 32.6168259, -117.0857662 32.6166923, -117.0857883 32.6166859, -117.0859074 32.6166513, -117.0860709 32.6166039, -117.086243 32.616554)"
4341298361,,25,,4341298361,secondary,,0,,"['3', '4']",74.682,25 mph,L Street,True,"[436258242, 436258244, 436258231]",,,5896399414,2.9872799999999997,,,"LINESTRING (-117.0848925 32.6169457, -117.0848595 32.6169458, -117.0847562 32.6169459, -117.0847067 32.616946, -117.0845659 32.6169793, -117.0845553 32.6169817, -117.0844475 32.6170061, -117.0842313 32.617055, -117.0841189 32.6170876)"
5896399414,,25,,5896399414,secondary,,0,,2,12.831,25 mph,L Street,True,436258249,,,5896399413,0.5132399999999999,,,"LINESTRING (-117.0841189 32.6170876, -117.0839891 32.6171245)"
5896399414,,25,,5896399414,secondary,,0,,"['3', '2']",194.35,25 mph,Broadway,True,"[436250821, 170188838]",,,1813467654,7.774,,,"LINESTRING (-117.0841189 32.6170876, -117.0840812 32.6170042, -117.0840464 32.6169145, -117.0839568 32.6166836, -117.0838875 32.616505, -117.0838445 32.6163943, -117.0836314 32.615845, -117.0835937 32.6157479, -117.0834694 32.6154277)"
5896399413,,25,,5896399413,secondary,,0,,2,103.571,25 mph,L Street,True,436258249,,,4341311272,4.1428400000000005,,,"LINESTRING (-117.0839891 32.6171245, -117.0838038 32.6171772, -117.0835252 32.6172601, -117.083348 32.6173128, -117.083165 32.6173672, -117.0830739 32.6173943, -117.0829455 32.6174325)"
5896399413,,25,,5896399413,secondary,,0,,4,14.09,25 mph,Broadway,True,170188837,,,49099230,0.5636,,,"LINESTRING (-117.0839891 32.6171245, -117.0841041 32.6172062)"
4341311272,,25,,4341311272,secondary,,0,,2,55.562,25 mph,L Street,True,436258249,,,4341311273,2.22248,,,"LINESTRING (-117.0829455 32.6174325, -117.0827808 32.6174758, -117.0823792 32.6175814)"
4341311272,,25,,4341311272,residential,,0,,,9.469,25 mph,Ash Avenue,False,5956851,,,49057298,0.37876,,,"LINESTRING (-117.0829811 32.6175122, -117.0829455 32.6174325)"
4341311273,,25,,4341311273,residential,,0,,,108.3,25 mph,Beech Avenue,False,6053943,,,49745887,4.332,,,"LINESTRING (-117.0823792 32.6175814, -117.082001 32.616661)"
4341311273,,25,,4341311273,secondary,,0,,2,16.53,25 mph,L Street,True,436258249,,,5896399411,0.6612,,,"LINESTRING (-117.0823792 32.6175814, -117.0822116 32.617628)"
4341311273,,25,,4341311273,residential,,0,,,9.402000000000001,25 mph,Beech Avenue,False,6053943,,,5896399412,0.37608,,,"LINESTRING (-117.0824227 32.6176576, -117.0823792 32.6175814)"
5896399411,,25,,5896399411,residential,,0,,,8.981,25 mph,Beech Avenue,False,6053944,,,48958976,0.35924,,,"LINESTRING (-117.0822116 32.617628, -117.0822394 32.6177053)"
5896399411,,25,,5896399411,secondary,,0,,2,62.845,25 mph,L Street,True,436258249,,,48948927,2.5138,,,"LINESTRING (-117.0822116 32.617628, -117.0817774 32.6177488, -117.081596 32.617844)"
48948927,,25,,48948927,secondary,,0,,2,63.02,25 mph,L Street,True,436258250,,,48958976,2.5208,,,"LINESTRING (-117.081596 32.617844, -117.0817271 32.6178527, -117.0822394 32.6177053)"
48948927,,25,,48948927,secondary,,0,,4,10.623,25 mph,L Street,False,436258247,,,48948926,0.42491999999999996,,,"LINESTRING (-117.081596 32.617844, -117.08149 32.617878)"
48948927,,25,,48948927,residential,,0,,,170.25799999999998,25 mph,Cedar Avenue,False,5955917,,,3588550084,6.81032,,,"LINESTRING (-117.0805603 32.6170317, -117.0807102 32.6170436, -117.0811458 32.6169337, -117.0811952 32.6169411, -117.081261 32.616974, -117.081596 32.617844)"
48948926,,25,,48948926,residential,,0,,,200.576,25 mph,Cedar Avenue,False,5955916,,,48948925,8.02304,,,"LINESTRING (-117.08149 32.617878, -117.082161 32.619591)"
48948926,,25,,48948926,secondary,,0,,4,10.623,25 mph,L Street,False,436258247,,,48948927,0.42491999999999996,,,"LINESTRING (-117.081596 32.617844, -117.08149 32.617878)"
48948926,,25,,48948926,secondary,,0,,4,73.135,25 mph,L Street,False,436258247,,,49345064,2.9254,,,"LINESTRING (-117.08075 32.618088, -117.08149 32.617878)"
49345064,,25,,49345064,secondary,,0,,"['4', '5']",77.469,25 mph,L Street,False,"[436258237, 436258247]",,,49426523,3.09876,,,"LINESTRING (-117.08075 32.618088, -117.0802872 32.6182158, -117.079964 32.618305)"
49345064,,25,,49345064,secondary,,0,,4,73.135,25 mph,L Street,False,436258247,,,48948926,2.9254,,,"LINESTRING (-117.08075 32.618088, -117.08149 32.617878)"
49345064,,25,,49345064,residential,,0,,,200.893,25 mph,Date Avenue,False,5987929,,,49345063,8.03572,,,"LINESTRING (-117.08075 32.618088, -117.081421 32.619804)"
49426523,,25,,49426523,residential,,0,,,201.234,25 mph,5th Avenue,False,5998412,,,49426522,8.04936,,,"LINESTRING (-117.079964 32.618305, -117.080051 32.618525, -117.080643 32.620022)"
49426523,,25,,49426523,residential,,0,,,141.361,25 mph,5th Avenue,False,5948429,,,49299964,5.65444,,,"LINESTRING (-117.079483 32.6171, -117.079964 32.618305)"
49426523,,25,,49426523,secondary,,0,,"['4', '5']",402.53,25 mph,L Street,False,"[436258232, 436258234, 436258227]",,,49344935,16.1012,,,"LINESTRING (-117.075882 32.619438, -117.0762899 32.6193248, -117.0775259 32.6189817, -117.0779634 32.6188603, -117.0784028 32.6187383, -117.0796196 32.6184006, -117.079964 32.618305)"
49426523,,25,,49426523,secondary,,0,,"['4', '5']",77.469,25 mph,L Street,False,"[436258237, 436258247]",,,49345064,3.09876,,,"LINESTRING (-117.08075 32.618088, -117.0802872 32.6182158, -117.079964 32.618305)"
49344935,,25,,49344935,secondary,,0,,"['4', '5']",402.53,25 mph,L Street,False,"[436258232, 436258234, 436258227]",,,49426523,16.1012,,,"LINESTRING (-117.075882 32.619438, -117.0762899 32.6193248, -117.0775259 32.6189817, -117.0779634 32.6188603, -117.0784028 32.6187383, -117.0796196 32.6184006, -117.079964 32.618305)"
49344935,,25,,49344935,secondary,,0,,5,145.998,25 mph,4th Avenue,False,"[436256445, 436256439]",,,49299961,5.839919999999999,,,"LINESTRING (-117.075882 32.619438, -117.0757415 32.6190789, -117.0755863 32.6186824, -117.0754647 32.6183717, -117.075394 32.618191)"
49344935,,25,,49344935,secondary,,0,,5,82.62,25 mph,4th Avenue,False,"[436263456, 436256436]",,,49303851,3.3048,,,"LINESTRING (-117.075882 32.619438, -117.0760396 32.6198427, -117.076157 32.620144)"
49344935,,25,,49344935,secondary,,0,,"['4', '5']",403.19199999999995,25 mph,L Street,False,"[436258241, 436258238, 436258230]",,,49080880,16.127679999999998,,,"LINESTRING (-117.075882 32.619438, -117.0754922 32.619548, -117.0740219 32.6199629, -117.0736315 32.6200731, -117.072606 32.6203625, -117.0723665 32.6204301, -117.0722961 32.62045, -117.0718 32.62059)"
49080880,,25,,49080880,secondary,,0,,"['4', '5']",412.17,25 mph,L Street,False,"[436258240, 436264878, 436264902]",,,49112932,16.4868,,,"LINESTRING (-117.0718 32.62059, -117.071556 32.6206554, -117.071442 32.620686, -117.0713408 32.6207318, -117.071303 32.620749, -117.071159 32.620819, -117.071037 32.620892, -117.070572 32.621315, -117.070412 32.621418, -117.070213 32.621517, -117.0682152 32.6220746, -117.067902 32.622162)"
49080880,,25,,49080880,tertiary,,0,,,404.58,25 mph,3rd Avenue,False,469321650,,,49080878,16.1832,,,"LINESTRING (-117.0718 32.62059, -117.0719521 32.6209792, -117.0720446 32.621216, -117.0721032 32.621366, -117.0721713 32.6215404, -117.072281 32.621821, -117.0725608 32.6225365, -117.0726521 32.6227699, -117.0726641 32.6228007, -117.0726922 32.6228727, -117.0727139 32.622928, -117.0727777 32.6230912, -117.0728026 32.623155, -117.0728464 32.6232669, -117.0728888 32.6233755, -117.0729205 32.6234566, -117.0729304 32.6234817, -117.0730048 32.623672, -117.0730658 32.623828, -117.073151 32.624046)"
49080880,,25,,49080880,secondary,,0,,"['4', '5']",403.19199999999995,25 mph,L Street,False,"[436258241, 436258238, 436258230]",,,49344935,16.127679999999998,,,"LINESTRING (-117.075882 32.619438, -117.0754922 32.619548, -117.0740219 32.6199629, -117.0736315 32.6200731, -117.072606 32.6203625, -117.0723665 32.6204301, -117.0722961 32.62045, -117.0718 32.62059)"
49080880,,25,,49080880,tertiary,,0,,,404.135,25 mph,3rd Avenue,False,469321650,,,49080881,16.1654,,,"LINESTRING (-117.07045 32.617138, -117.0705917 32.6174964, -117.0711279 32.6188528, -117.0718 32.62059)"
49112932,,25,,49112932,secondary,,0,,"['4', '5']",401.86800000000005,25 mph,L Street,False,"[436264888, 436264873, 436264883]",,,49504877,16.074720000000003,,,"LINESTRING (-117.067902 32.622162, -117.0676411 32.6222358, -117.064934 32.623001, -117.0641541 32.6231348, -117.063797 32.623196)"
49112932,,25,,49112932,tertiary,,0,,,93.11200000000001,25 mph,2nd Avenue,False,5962370,,,49112931,3.7244800000000002,,,"LINESTRING (-117.067902 32.622162, -117.068207 32.622959)"
49112932,,25,,49112932,tertiary,,0,,,52.156000000000006,25 mph,2nd Avenue,False,5962370,,,49112934,2.08624,,,"LINESTRING (-117.067719 32.621719, -117.067769 32.62184, -117.067902 32.622162)"
49112932,,25,,49112932,secondary,,0,,"['4', '5']",412.17,25 mph,L Street,False,"[436258240, 436264878, 436264902]",,,49080880,16.4868,,,"LINESTRING (-117.0718 32.62059, -117.071556 32.6206554, -117.071442 32.620686, -117.0713408 32.6207318, -117.071303 32.620749, -117.071159 32.620819, -117.071037 32.620892, -117.070572 32.621315, -117.070412 32.621418, -117.070213 32.621517, -117.0682152 32.6220746, -117.067902 32.622162)"
49112931,,25,,49112931,tertiary,,0,,,71.02199999999999,25 mph,2nd Avenue,False,5962370,,,49112930,2.84088,,,"LINESTRING (-117.068207 32.622959, -117.068443 32.623566)"
49112931,,25,,49112931,tertiary,,0,,,93.11200000000001,25 mph,2nd Avenue,False,5962370,,,49112932,3.7244800000000002,,,"LINESTRING (-117.067902 32.622162, -117.068207 32.622959)"
49112931,,25,,49112931,residential,,0,,,234.429,25 mph,Sierra Way,False,6001882,,,49448447,9.37716,,,"LINESTRING (-117.07058 32.622288, -117.068207 32.622959)"
49112931,,25,,49112931,residential,,0,,,156.577,25 mph,Sierra Way,False,6001882,,,49448445,6.26308,,,"LINESTRING (-117.06662 32.623402, -117.068207 32.622959)"
49112930,,25,,49112930,residential,,0,,,194.014,25 mph,San Miguel Drive,False,6047117,,,49611425,7.760560000000001,,,"LINESTRING (-117.068443 32.623566, -117.069092 32.623501, -117.069328 32.623459, -117.069702 32.623352, -117.069923 32.623268, -117.070381 32.623028)"
49112930,,25,,49112930,tertiary,,0,,,71.02199999999999,25 mph,2nd Avenue,False,5962370,,,49112931,2.84088,,,"LINESTRING (-117.068207 32.622959, -117.068443 32.623566)"
49112930,,25,,49112930,tertiary,,0,,,54.269,25 mph,2nd Avenue,False,5962370,,,49112929,2.17076,,,"LINESTRING (-117.068619 32.624031, -117.068443 32.623566)"
49611425,,25,,49611425,residential,,0,,,29.392,25 mph,Del Mar Avenue,False,6032705,,,49611422,1.1756799999999998,,,"LINESTRING (-117.070381 32.623028, -117.0705634 32.6232431)"
49611425,,25,,49611425,residential,,0,,,91.78200000000001,25 mph,San Miguel Drive,False,6047117,,,49448447,3.6712800000000003,,,"LINESTRING (-117.07058 32.622288, -117.070633 32.622414, -117.070648 32.622494, -117.07061 32.622787, -117.070534 32.622921, -117.070381 32.623028)"
49611425,,25,,49611425,residential,,0,,,194.014,25 mph,San Miguel Drive,False,6047117,,,49112930,7.760560000000001,,,"LINESTRING (-117.068443 32.623566, -117.069092 32.623501, -117.069328 32.623459, -117.069702 32.623352, -117.069923 32.623268, -117.070381 32.623028)"
